﻿{"cameraMode":{"drawMode":0,"name":"Shaded","section":"Shading Mode"},"sceneLighting":true,"audioPlay":false,"sceneViewState":{"showFog":true,"showMaterialUpdate":false,"showSkybox":true,"showFlares":true,"showImageEffects":true,"showParticleSystems":true},"in2DMode":false,"pivot":{"x":3.662489891052246,"y":-2.4178404808044435,"z":-14.351585388183594},"rotation":{"x":0.017400475218892099,"y":0.9825950860977173,"z":-0.12927187979221345,"w":0.13226068019866944},"size":18.911527633666993,"orthographic":false}